{"cameraMode":{"drawMode":0,"name":"Shaded","section":"Shading Mode"},"sceneLighting":false,"audioPlay":false,"sceneViewState":{"m_AlwaysRefresh":false,"showFog":true,"showSkybox":false,"showFlares":true,"showImageEffects":true,"showParticleSystems":true,"showVisualEffectGraphs":true,"m_FxEnabled":true},"in2DMode":false,"pivot":{"x":-0.3768829107284546,"y":11.343655586242676,"z":55.78449249267578},"rotation":{"x":0.04595377668738365,"y":-0.9440515637397766,"z":0.17217585444450379,"w":0.2792675197124481},"size":0.17320436239242555,"orthographic":false}