{"cameraMode":{"drawMode":0,"name":"Shaded","section":"Shading Mode"},"sceneLighting":false,"audioPlay":false,"sceneViewState":{"m_AlwaysRefresh":false,"showFog":true,"showSkybox":false,"showFlares":true,"showImageEffects":true,"showParticleSystems":true,"showVisualEffectGraphs":true,"m_FxEnabled":true},"in2DMode":false,"pivot":{"x":5.300000190734863,"y":9.199999809265137,"z":58.900001525878909},"rotation":{"x":0.03454113379120827,"y":-0.9457515478134155,"z":0.12459606677293778,"w":0.2996942102909088},"size":0.17320436239242555,"orthographic":false}