{"cameraMode":{"drawMode":0,"name":"Shaded","section":"Shading Mode"},"sceneLighting":true,"audioPlay":false,"sceneViewState":{"m_AlwaysRefresh":false,"showFog":true,"showSkybox":true,"showFlares":true,"showImageEffects":true,"showParticleSystems":true,"showVisualEffectGraphs":true,"m_FxEnabled":true},"in2DMode":false,"pivot":{"x":-39.15675735473633,"y":7.043919563293457,"z":35.992103576660159},"rotation":{"x":0.037960465997457507,"y":0.7288503646850586,"z":-0.015234521590173245,"w":0.6852930784225464},"size":0.8329200148582459,"orthographic":false}