{"cameraMode":{"drawMode":0,"name":"Shaded","section":"Shading Mode"},"sceneLighting":true,"audioPlay":false,"sceneViewState":{"m_AlwaysRefresh":false,"showFog":true,"showSkybox":true,"showFlares":true,"showImageEffects":true,"showParticleSystems":true,"showVisualEffectGraphs":true,"m_FxEnabled":true},"in2DMode":false,"pivot":{"x":-2.9407541751861574,"y":11.019909858703614,"z":59.95870590209961},"rotation":{"x":-0.025399282574653627,"y":-0.729729950428009,"z":0.0010494418675079942,"w":0.6851847171783447},"size":0.8329200148582459,"orthographic":false}