{"cameraMode":{"drawMode":0,"name":"Shaded","section":"Shading Mode"},"sceneLighting":false,"audioPlay":false,"sceneViewState":{"m_AlwaysRefresh":false,"showFog":true,"showSkybox":false,"showFlares":true,"showImageEffects":true,"showParticleSystems":true,"showVisualEffectGraphs":true,"m_FxEnabled":true},"in2DMode":false,"pivot":{"x":-0.0035324543714523317,"y":-0.015657693147659303,"z":-0.001117423176765442},"rotation":{"x":-0.048837948590517047,"y":0.8078675270080566,"z":-0.09580232203006745,"w":-0.5816081166267395},"size":0.24352924525737763,"orthographic":false}